days_since_last_observation,previous_observation_count,issue_age_days,severity,category,nearby_issue_count,previous_change_count,status,synthetic_material_change
21,2,24,2,3,3,0,2,1
24,2,99,3,0,0,0,0,1
20,1,91,1,8,6,0,1,0
26,1,46,3,5,4,0,0,0
11,2,22,3,1,5,1,2,1
2,8,70,0,6,1,4,2,0
28,6,101,1,1,0,5,0,1
3,4,15,3,4,7,2,0,0
7,5,96,0,2,8,1,0,0
9,4,96,2,0,3,0,1,0
3,4,75,2,3,10,3,1,0
21,8,39,2,2,3,4,2,1
29,7,75,1,2,8,3,0,0
28,2,47,1,6,9,0,1,1
15,5,85,0,1,10,4,1,0
11,2,48,3,2,7,0,2,0
9,3,73,0,4,13,2,2,0
5,6,25,0,5,7,0,0,0
29,5,59,0,3,14,4,0,1
16,2,84,1,2,10,1,2,1
17,7,44,1,4,6,5,2,1
29,8,44,1,3,1,5,0,1
8,4,8,0,0,3,0,0,0
3,4,38,3,3,8,1,2,0
19,8,50,3,6,3,1,0,0
12,7,64,3,0,10,5,2,1
13,6,26,1,3,3,4,1,1
6,5,65,1,1,7,4,0,1
18,1,29,1,2,6,0,1,1
13,1,34,3,0,6,0,1,1
23,8,42,1,4,3,0,2,0
2,6,9,0,7,8,4,0,1
17,2,40,0,1,10,0,1,1
29,4,103,0,1,6,2,1,1
23,6,53,2,6,2,5,2,1
11,2,12,3,1,1,0,2,1
30,6,38,1,5,4,1,1,0
23,5,101,0,8,4,0,0,1
29,2,99,1,4,4,0,2,1
22,5,86,3,4,14,0,0,0
27,5,32,0,5,12,1,2,0
6,8,76,3,8,0,1,0,0
23,3,92,0,5,9,2,0,1
2,5,48,0,5,3,1,2,1
25,7,104,1,3,13,1,0,0
1,3,43,3,3,4,0,2,1
28,1,88,1,3,13,0,1,1
26,4,54,0,3,6,2,1,0
25,5,69,3,8,5,0,0,0
9,3,83,2,0,1,2,1,1
26,6,81,0,6,14,4,0,1
23,7,23,1,5,6,0,2,0
20,6,104,0,4,8,2,2,1
13,5,83,1,3,6,3,2,0
6,5,57,0,4,4,1,1,0
20,6,79,3,7,10,1,2,1
29,3,113,0,4,8,2,2,1
3,4,89,2,3,12,1,0,1
8,8,86,0,7,6,3,2,0
16,7,47,1,0,14,6,0,1
8,3,97,3,0,8,0,0,0
26,8,111,2,7,9,6,2,1
6,8,63,2,3,13,4,2,1
8,5,64,0,4,3,2,1,1
18,2,35,1,3,6,0,2,1
14,7,56,3,6,0,1,1,1
25,1,98,3,7,0,0,1,0
28,7,96,1,7,3,2,1,1
13,6,98,3,2,13,3,0,0
18,1,68,0,1,10,0,0,0
6,1,39,3,5,3,0,1,0
29,7,64,3,4,13,0,1,1
18,1,62,1,1,12,0,0,0
7,1,86,1,3,2,0,2,1
7,8,96,2,5,2,1,0,0
4,1,43,3,6,11,0,0,0
27,4,40,2,1,12,0,1,0
22,6,30,2,0,13,3,1,1
12,8,102,1,6,2,4,2,0
18,8,77,3,4,5,3,0,1
15,4,74,3,5,0,3,1,1
7,6,40,2,4,14,4,2,0
18,1,84,1,1,3,0,1,0
8,8,90,3,7,12,0,0,0
13,4,52,2,7,8,2,1,0
18,6,63,3,4,4,2,0,1
7,6,22,1,3,3,5,1,1
19,5,31,1,4,3,2,0,1
23,3,58,0,0,8,1,2,0
21,8,34,0,4,7,7,1,1
2,5,63,0,1,6,3,0,0
22,1,41,1,4,1,0,0,0
14,4,80,3,7,14,3,1,0
14,5,86,0,1,12,1,2,1
22,2,42,1,2,8,0,0,1
15,8,52,0,3,4,4,2,0
